NOME,CPF,RG,SENHA
Brian Mccormick,678.012.934-87,37.865.910,UOQfgn7xhUvZXHWFw7A
Anthony Jimenez,760.841.392-13,41.869.203,42YbO3KwUKH3yIB
Denise James,290.315.764-25,83.012.695,Zi3M43VgS1uGmnAVWWG
Michael Montes,952.740.631-52,17.263.980,xemJNf3QJMXA
Melissa Mcdonald,309.514.276-52,78.460.931,wbibE9MWvNNLO0qilbx
Edward Johnson,253.970.186-86,59.037.162,PPs5R4M2KmTbTzBJu32
George James,764.028.915-76,24.317.589,cFOGKfaVCnf
Nathaniel Morales,987.316.504-57,16.824.390,HQz7ReAiQoGQ
Christina Yu,953.871.406-75,95.106.243,aOCdLvaLUG8
Mario Smith,127.954.308-60,01.579.428,nGOgT1cn
Cynthia Miller MD,780.129.653-21,07.582.963,jsEZEhgR
Kimberly Fox,380.267.419-78,35.164.072,WVIL00Ss5M1oMQQ
Alexander Lopez,403.261.587-07,47.812.350,QvY6ynyPWR8TlsIihL
Elizabeth Clay,194.035.276-25,78.034.196,XbyCXBAkn
Cindy Jones,940.537.286-65,84.127.935,TD968uP3nmbALbknt3dY
Mandy Kramer,630.917.452-52,90.643.758,dZnqdyUK6
William Compton,513.670.249-43,02.137.986,dSlD97wIHU4X
Phillip Wang,783.254.109-14,67.138.950,0MraNI4G9nW
Candace Miller,629.718.453-46,05.316.274,PLdnYYTfMSuwcfyR0
Michael Perez,269.078.315-03,79.150.328,h891j5gvdb
Scott Mills,437.925.681-28,85.493.126,QxGf24ty
Amber Frazier,695.724.103-34,85.273.491,gqr7s4OyFK1YJ6r07wOw
Jessica Herman,587.104.293-79,58.192.734,HjRbzXq51X
Daniel Gould,623.578.410-44,53.048.697,Psvfyp43ygw4P
Maria Jimenez,810.924.653-24,20.895.674,eR8CNcF8rF
Jeremy Wilson,918.524.706-58,47.596.382,v4JJLgRoXm5BTp7LJnr
Rebecca Jackson,253.798.106-59,46.952.701,QTgu18fR84kiPo
Allen Pierce,745.013.869-75,10.326.759,QaPsn4tLP
Fernando Cannon,549.603.712-34,67.890.415,SCHPWqwY
Angela Rivera,632.910.745-99,18.647.290,GxI1NlMfa
Christopher Shelton,347.086.592-29,19.472.603,fiU6UgNhLi
Robert Ramirez,421.059.867-49,64.827.539,EbtfnAU47N
Brandon Mills,213.597.608-30,37.459.680,eAayhTtn2W2
Megan Hall,186.790.253-21,46.329.715,EVDYCCIXd3
Charles Soto,631.570.298-86,94.738.051,Vjb3Qbym7NzUnnPhK
Mrs. Megan Jensen MD,439.576.012-07,72.546.918,AbZvXWJxPih
Cynthia Taylor,824.093.567-29,62.709.381,6iCaZFxzbKSiLKpUg
Alexis Calderon,452.730.186-17,23.659.017,h7Bb0Cr9
Daniel White,819.752.043-79,81.032.467,wiIHe00AvQSln
Donna Jones,749.835.061-01,83.169.740,o4g0O88EuK3FG0l13y
Stacey Brown,260.415.783-71,20.876.139,QSJpfaqlKmpMFKQwt
Alexis Hogan,697.843.021-87,65.237.819,edot1eMtgwVIVSKrLX
Janet Melton,815.407.396-00,56.423.710,ii3MqHxUCXr2
Timothy Perkins,653.748.120-17,75.826.103,N9QYkA0W0s8fMEcIvc
Samantha Miller,921.036.548-89,68.372.054,CvlKbS4OVa8SDZKO4KSd
Tara Garcia,930.758.642-00,47.059.812,KIOO4SYZYP
David Diaz,964.152.378-37,93.765.802,jxNNnIjr7HD
Jill Massey,906.781.423-78,76.249.183,PXfAmoQ2JmEE2S
Derrick Davis,402.316.978-13,40.576.813,P69jNTewUz8Xh9dWOIOv
Rebecca Bailey,498.617.350-20,76.483.150,wJ6nyrEU
Duane Braun,049.867.152-67,60.538.291,QOg6Cz9OqmY
Lee Ward,213.570.864-07,39.620.487,SGDJ1RMVXaLHffh527V
Scott Kelly,253.980.471-32,28.761.409,jdCFFZqge6osF
Breanna Adams,825.063.941-33,52.417.803,OMc1mYWYs
Michael Solis,967.425.830-29,90.834.567,eSfqwXNAUB3Ez6JPsea0
Laura Gillespie,962.748.351-64,86.157.239,xj6yLYFPln3KR2vC
Charles Fletcher,264.893.517-73,36.204.985,2pPJpRlM
Kyle Hendricks,321.865.790-30,10.435.269,yRww1WMJDgNHq1
Joseph Price,973.260.481-69,27.819.364,SdrvnReTrSkEQF34q
Sandra Rodriguez,674.053.218-44,06.794.823,uoGgfzxp00aEdYSO
Joshua Hogan,283.167.954-00,25.169.807,bNxkm6ja7TvjoM6
Robert Lowery,501.398.472-60,78.509.361,pfguMycjSxD75Q7s5JNQ
Timothy Blanchard,417.395.806-48,61.402.798,TIdI8G8lLp2FM6
Allison Barber,401.968.273-96,63.914.527,jBD78MSTZVBlO
Sally Dougherty,368.102.945-89,65.281.974,XuNLhtniDP1fboBv61v
Paul Cook,180.642.957-85,02.364.958,J4rlNeGN6dmRD
Leslie Bowman,587.632.901-03,47.293.801,qlPrYSvAmTYQ
Erin Hoffman,962.103.478-78,61.348.597,bB1wgPdjICjrOZ
Gregory Bell,607.581.249-02,86.295.743,oOUZL7ri
Lindsay Robinson,105.479.283-60,65.312.948,2oKj1HwKfJm3nyJVM
Daniel Parker,507.164.392-80,37.165.480,7tLOhGgUUeLkA
Heather Erickson,283.576.140-35,25.068.194,8VAP0jzGd6
Charles Collier,867.329.104-69,19.458.372,jxADbyVZGUvwc
Ronald House,206.371.598-02,42.036.981,sdIIFO6mpJhrN
Kelsey Valentine,349.756.210-61,68.320.159,jJ8m7iwAmKuJqt
Roy Hubbard,854.372.691-37,19.450.683,2WKTSFk1qygbgeCV
Thomas Johnston,789.162.534-46,04.195.837,4xsTDs9yIDeEmzJrtg
Gary Blevins,062.714.589-20,20.734.958,sg3310EUEJ48M4HBM2
Courtney Gutierrez,287.501.463-35,72.683.904,dpB49ZET6suVhrGiWN
Sandra Bates,052.849.137-79,31.246.087,fSMZCm4eGzn48
Nicholas Hale,305.267.948-10,01.795.624,85ayhOooeliSjS5wlwgT
Sandra Tanner,314.976.825-09,96.045.283,NYytZVkwkNNEzGhWc5
Joanna Smith,054.169.837-01,64.123.509,epngdnjKkwstdOa3
Cathy Swanson,187.394.206-04,15.732.906,LwMkI9QSawp5gu3x7z
Alfred Ibarra,807.642.193-40,45.276.908,RBW3d3Rz
Nicholas Ruiz,451.390.276-07,65.421.397,X40UD2S4nEh
Julie Kaiser,076.521.934-43,72.391.860,uBsrdOe2
Lisa Thomas,967.285.014-01,85.134.629,kyQ5PxhYH2Y7t8
James Clark,518.947.236-19,45.768.209,dPY0uor3QT
Danielle Schwartz,139.064.582-70,28.063.451,DmP7qyoggxcxDW
Mary Martinez,473.509.628-00,50.783.962,JAtU9qEN8U7aKxEWl
Brent Pugh,380.617.524-17,34.780.291,v3Wr0T9Ugkwi5wW
Joyce Wilson,341.056.978-20,85.426.179,FcR7KrYM38
Johnathan Kelly,675.324.918-46,02.384.596,mu1TrYAa2TuE7xNa
Julia Ray,234.571.698-37,59.134.608,n4hkVKi6HNy
Linda Burgess,703.942.168-22,68.049.512,7QQvVwS1Zb9cY8
Mr. Tyler Davis,049.321.756-80,86.150.247,jHnLMy3K8T
Allison Anderson,498.573.260-56,78.602.543,SHoRzU0AUYJMr
Scott Doyle,706.893.512-59,93.648.752,fFQsxXwlpFLBwhlt
David Jackson,815.230.796-30,89.637.245,raL8ixzbh2IhKNm7
Jacob Wise,804.537.219-23,94.726.035,PXUEfGgr
Adrian Carey,842.179.350-05,31.062.457,IWkkYhBcxbKh
Tommy Galvan,507.623.981-59,19.246.357,RXQSQvlBKkPlCHD7TWD
Jeffrey Blake,532.879.041-32,12.069.548,DtkfHnSw6GMQexiwJGc
Henry Mercer,967.548.210-94,35.140.986,flnQ4p6ski4I
Christopher Stone,586.370.249-47,76.315.402,UypHIDGD5oF
Denise Jones,294.860.715-94,17.506.394,3oHRUoKJwQ1
Lucas Golden,571.834.962-28,10.352.967,oaQAw0Xy1l8kID6J0
Heidi Richardson,560.271.439-16,76.235.890,HUh03ow8N
Caroline Taylor,941.072.385-04,13.420.985,dpEmNsMjak
Colin Pittman,648.193.752-37,62.453.107,Y7Qn8FlQgTGZrL
Steven Hernandez,035.184.267-53,18.765.940,5qUSRyuQ
Jennifer Watkins,982.153.046-05,69.278.315,VMjZQGow8wqJtiQZW
Vanessa Love,957.628.403-10,20.947.516,pN0DKiXoiwzTfE5cO9
Justin Davis,973.625.480-10,04.571.326,GNrjQyhRhEXqdCTljXr
Matthew Cooke,754.396.021-43,61.920.378,abvU5i6fPKfZxfoTbWv
Laurie Medina,649.250.317-16,68.572.034,YaivpadF2XTMh4
Jennifer Cross,841.079.326-13,62.459.381,4WkzUiWlXJUD4jTu
Calvin Orr,574.162.890-76,73.621.045,WxNbczosSMEVOfraa4H
John Bell,094.367.258-92,60.521.374,r5hvApE4
Michelle Williams,731.809.256-12,15.902.734,8HdSRMtLB70pzTAtxu
Christie Mckenzie,802.347.691-22,78.152.904,k93Bw2E0Obkq
David Howard,931.576.024-70,29.047.368,xbhl1HM1W
Jack Blair,157.094.632-99,73.941.802,K8wIYUQmDhUi
Jackson Carr,214.586.730-90,89.154.360,sx1cawb99Bvun
Brandon Castaneda,437.598.610-75,40.731.598,fvy9xv8IJzzDhChfWSj
Holly Frost,259.438.701-05,38.492.156,IjdDj3KnpuQ2P6j5
Heather Lin,965.270.814-30,61.734.502,FsmCfWFjqvW2BU
Vanessa Johnson,157.603.984-66,15.362.847,iPmaW3cmkvYL1e
Barbara Murray,257.349.681-37,72.158.094,60QdUq5P
Mary Marsh,368.752.940-10,90.245.861,SzOyr7AAcbGhu
Elizabeth Dorsey,768.425.193-73,58.471.306,48UQMLNL32
Robert Jones,753.892.460-47,70.493.168,snG8si6m460bHO
Jacqueline Summers,592.173.468-37,98.745.036,kZYmmcKhBlD0gM42qO5
Patricia Hernandez,753.049.682-47,26.895.174,s5FzbIhRKZnB2hchp
Michael Rich,108.245.973-97,69.087.341,gWK2q3Ync2YjwzsW4yQ2
David Boyer,961.270.835-59,16.984.203,Dg86Xy1odiO1jKqwx
Derek Cox,534.071.629-52,58.697.402,qNj9fADqOpsYg
Stacey Gallagher,234.568.170-53,62.045.793,40tovIzjB0j
Christine Williamson,145.890.726-02,01.367.589,b3BQLm16pPRPk8n3fX0N
Monique Scott,312.709.468-03,51.329.680,NUhIH1ODAeDSSRI
Keith Gibbs,716.804.395-10,46.582.719,v9bL3V69
Bradley Huff,594.107.326-70,93.205.147,qkLnNmR5Vsq
Brandon Wilson,064.258.971-20,96.487.253,wITdaLWT
Dennis Soto,450.126.897-20,82.049.731,rXaqFoBLB4V
Andrew Wells,064.573.981-20,58.941.362,PGobstvpDLvq
Matthew Garrett,215.437.860-90,30.596.284,IKAkEhyFSaovvCu
Michael Rogers,350.642.197-25,97.081.325,CJBJv9xb
Joy James,965.738.042-10,17.462.890,86MJnZjdd0y2zpx8bJ
Kelli Houston,045.189.267-49,69.534.810,7urjjzCPoYQvCF
Elizabeth Salazar,540.126.893-98,62.381.079,i5W8JMMnjXBK3
Sara Castillo,705.849.231-04,86.034.215,qmjgnwCjAFh
Rodney Johnston,763.524.890-10,67.091.453,tzKq089yW9ayEI0vZE
Crystal Jackson,428.793.165-37,56.028.947,o2HEjFOQY
Marcus Barnes,872.359.061-03,89.012.376,69DOvwqeA
Abigail Harris,572.048.316-08,13.097.246,MwYYJjJdMW6DtoIbW
Deborah Kemp,094.187.325-05,10.826.375,fpOiRgZW5n9VtRYvVf
Grace Le,920.648.571-76,67.915.438,BimKhNBaOfBs8goG
Megan Roberts,860.974.351-93,87.914.603,UYlPFaEU
Andrea Spears,304.582.196-06,96.407.185,Nf4R6Zo5n1XN1F
James Hall,672.834.105-62,01.894.756,L7nELUjRhAHxWc
Christine Zimmerman,053.782.619-02,01.927.543,Qiap5h3Pk0iZFP8Qk7
Jacob Price,632.875.019-68,06.137.924,nDpsLzrkPeF38YZNQFyU
Michael Moreno,059.862.143-15,54.827.610,TYeTrY0daa
Andrea Ford,015.287.496-85,37.859.142,Ihm5JQ5UPH
Taylor Ramirez,971.524.806-30,29.873.014,eSeN0PPYL
Pamela Jordan,807.392.541-97,21.084.395,FrqUMWGl61to9OPGMVg
Carolyn Arnold,190.462.538-05,35.874.960,TEiaNwthXR7z
Roger Deleon,739.405.281-88,75.128.349,0R8FicSHs
Carlos Wright,041.562.398-70,95.367.281,33bv4qjIKtgNLTX
Jay Gomez MD,539.271.680-68,04.682.375,wSuvN65aGScybjUW
Larry Garner,278.906.143-22,97.032.685,D9ekTklwmAShnNH
Lawrence Crawford,495.276.301-34,92.716.408,46xhPoqScRlhhRD2W1Fq
Vanessa Johnson,704.281.596-30,64.728.051,JgSZb4Lt2Y
Justin Martin,845.037.169-48,20.653.948,MeLXUBLSO7siiI73A6Ob
Jerry Cox,954.870.126-01,96.824.375,4qs4A89Z2bldrnWR
Brooke Fry,482.015.937-23,07.965.418,bErPvFcsPSOrEvc
Tasha Allison,418.367.902-87,39.815.627,zAHojezxGZ54jm9Ad
Aaron Sloan,549.762.130-99,74.390.825,Yw0qNAoCQMGFZ
Susan James,710.946.832-13,97.104.563,fQar1qmhI
Christopher Johnston,157.384.602-35,07.315.924,i6wSHq53BuMnwR9m6pXg
Amy Perkins,790.651.432-70,47.826.301,DFhTHNpFS3n
Melissa Gonzalez,930.748.652-29,43.867.012,D04NkaP6JDnO4aDD
Mike Cooper,290.613.475-99,75.180.243,Yy64EJc9IXE
Jacob Rollins,740.651.238-44,24.196.738,VJJT5LbdLO0U
Michael Dean Jr.,378.069.541-39,28.937.165,tRE6mvXmsmu4ud6Cxfq
Gary Brooks,607.983.514-20,56.124.937,tTibOBUIZEB3jgeN
Roger Mays,391.874.260-13,26.983.471,l4IAUyenK2ITBF
William Ball,914.732.058-32,80.142.973,aWU0GRhmHFY
Christian Clark,925.376.408-29,63.810.745,yIGB1DzL
Alicia Kane,072.514.893-41,82.745.901,lPKIvIndX
William Vazquez,285.340.719-50,25.084.679,7lZfg1yGe7CopZsm
Steven Rogers,481.329.760-96,96.253.408,Z8VZDzeMNxwP
Eric Fisher,486.207.951-20,94.580.712,ofIxbBt61WHQsnYZVDs
Maxwell Richardson,510.368.492-60,72.519.364,7KGAfbEF8YtFfM5b
Mr. Edward Thompson,481.753.296-37,54.376.210,mS2L8K9Q
Ian Floyd,091.284.357-88,67.853.294,oiF7QEkJ7h7hiQ
Madeline Huerta,028.639.517-77,73.286.014,7CKQsJLEhImfZ
Lucas Smith,694.183.570-20,10.952.864,2hesYMtGG6EJc
John Clay,632.408.971-13,95.761.038,opSJ8Ah0VOjwYkBURU
Misty Decker,038.716.594-01,84.731.250,Ncj097eNHqKwMILP1S
Sydney Santos,654.281.379-91,60.348.529,CIXvGZqmnSwhrAROZ
Raymond Jones,853.469.120-70,47.291.836,YCXczomi9aLwc32lpQ21
John Morris,134.278.960-13,36.489.507,vtOKxwvEw
Ralph Wagner,649.013.285-06,83.175.490,z52aT7e99VGxh6
Jeffery Ellis,861.543.029-24,68.073.541,Cr9FeosGqb
Claire Lindsey,519.074.268-76,94.805.361,7cRLhLqWwiyqUGP
Erika Martin,091.756.842-76,75.432.806,WixjVABENw9v9u
Karen Alvarez,268.471.095-30,45.721.690,ZGpMC271K1SOSzfRx4f
Victoria Russell,510.478.239-50,97.164.283,Hx5GctpjqVjT55bOQ24
Brittany Rose,970.218.563-77,32.867.450,v8Hwp3hAiUZ9sa3YNLq8
Deborah Wright,651.724.903-61,89.701.645,LBCs16JU9yDIei
John Coleman,690.857.213-77,78.356.120,ehmcpyjPimLTZ
Joseph Barron,260.915.734-70,07.463.512,6VJaidqhHEEeCbp850jO
Gina King,478.139.602-03,85.910.346,92ITbf8Qp
Richard Alexander,745.601.923-16,74.203.598,DapfDEREAS
Nicole Harding,579.861.423-91,09.425.386,YsVZ6nK5
Jennifer Long,497.356.182-73,97.540.362,bhdoM4IDY
Angela Flynn,827.945.630-92,07.598.632,q3zzcJw2vgN
Joshua Morrison,972.506.843-29,83.765.142,x7bGP4JISLR
Robert Thornton,018.457.693-84,07.623.451,KvvmBAFLFoQ0OnxeXtwx
Michael Harrison,893.041.752-32,06.972.148,8iwLkSVXSrjOO
Taylor Snow,694.038.127-96,71.804.253,TrkiX27WpWEnCBoPCin7
Cassandra Bell,094.786.532-29,09.875.162,TPhwPDNd7wJyg
Tammy Lewis,460.521.793-25,81.526.047,P4jvl2A2
Curtis Matthews,890.543.721-41,91.574.386,wW1dq7vhmzHYSQR
Melissa Tucker,496.578.231-37,23.076.548,lPJsL8tP9LbpRZjj
Albert Schmidt,194.203.867-40,71.926.503,Z3rqOhGMnm698HA5IY
Gregory Waller,528.341.079-04,38.095.164,NSvliAaDupnopEQ
Danielle Cortez,540.139.782-88,67.518.420,C5JqU7chwVGi2YW16
Jennifer Klein,632.950.417-25,25.610.973,IoC11dlhQ95RRx9Yji
Nancy Jones,039.762.184-13,34.627.809,Skr9wvY60f0j
Matthew Hudson,041.657.932-99,62.805.947,VCDeo8rPDaFo4vIl
George Mcdowell,715.892.603-68,80.761.349,LmOEl9DEHtk
Amanda Booth,794.681.235-37,28.159.704,EiIZWX1TXO
Scott Levine,391.542.087-50,73.241.890,cco9oQqVH
Lori Young,174.362.590-16,70.431.658,i2eHPlbn
Tammy Kennedy,460.271.983-03,69.352.801,fPDoLYpumImfeH5F
Seth Wolf,468.123.759-00,98.503.426,l5w0wrRmXbooFxm6Tvl6
Patrick Miles,178.540.926-30,53.920.781,AP6KYLWY9m
Jack Murphy,178.625.309-77,41.725.680,ttlf5LbtZcoUaPF
Jennifer Lamb,817.562.034-07,56.029.137,JyIbG90UG0gN
Brian Stanley,941.872.365-46,17.854.692,t9xuWoNkp
Sherri Landry,912.648.375-00,89.012.365,pPTKISAqsp
Kayla Wagner,071.295.864-94,57.429.608,lhErRtCUB
Patricia Vincent,834.627.150-62,46.529.837,xTP1Qr1arDc
Timothy Moore,281.675.490-11,07.594.231,aja2VCQRXFBX0X
Keith Contreras DVM,830.975.216-40,32.610.498,3cT0LOQRahgb
Jennifer Jones,634.190.857-10,40.582.931,srruBXpztJhJs
Martha Ward,072.618.453-53,63.084.157,EgN62jTK
Alex Kramer,613.458.972-19,97.825.041,SeoYLq21oGn
Amanda Wise,195.748.360-10,41.860.297,PjWkgjAIWX4kw3OQCJd
Shane Carr,948.013.625-24,29.081.735,dqwinGLHU
Mary Brown,813.247.906-87,05.724.369,d1upt7nvMQzEzlj
David Diaz,167.259.483-91,45.132.870,KnpDsL9y2pu
Caitlin Hebert,496.285.130-60,50.726.981,zk3YG7JjFhV690Lsq
Tammy Barber,198.265.347-73,24.137.590,HI3HgAT9ehI6ZtNkK2
Beth Ross,387.542.109-41,03.618.927,DsTsv67YoLV
Amanda Neal,167.348.950-84,02.938.547,VxdeFrZo3svZP8oqHcW
John Mendoza,531.980.742-23,17.298.536,kFh5P9Ue4HY
Christopher Smith,906.315.472-07,96.185.472,8Tf0VA2bnnothDBTBzd
Steven Thomas,869.413.205-24,63.421.508,9cXTQI7lRQXxA2e
Penny Robinson,483.025.791-14,86.493.172,fewfa61guoEV6g6KkIpn
Adam Martin,581.302.694-06,05.183.649,daHywRnH72oLL
Juan Cooper,309.581.627-86,68.497.213,fBWrINJFlcHlPN
Steven Fleming,890.137.624-50,26.315.840,N7q8653ymw6B1zMmrUS6
William Gray,295.371.048-50,54.086.137,79Y5lD3Ow
Jacob Sawyer,724.560.183-62,51.370.492,q5p0QGY2OvikvqtDh
Dr. Jordan Huber,312.967.508-68,45.612.093,it4eKE3x4IdByh
Kyle Novak,941.803.675-48,60.137.845,DDMdM3p8o8sepPApV
Tyler Ellison,508.423.791-50,54.602.819,EPevzIFDW
Jessica Clark,085.947.216-76,79.540.368,RDGskH8K24z
Tonya Torres,108.967.345-01,90.361.825,gAt44ytw4p
John Gibson,580.932.174-79,92.854.107,NGlOaZ8VZ
Matthew Green,756.930.428-47,16.274.098,oGjYpY8VYDo1Y5Ks9DtE
Adrian Rocha,948.576.012-49,36.048.752,iH0NYSneytgkh6Cav05
Meagan Callahan,295.017.638-03,13.798.465,TnvR9pYRGVToAW2xp5yf
Briana Murray,895.367.142-64,82.615.793,xCJQubUoTmRKg0SXkE
Alyssa Smith,195.473.608-84,35.846.207,AiE2t5IN
Jason Wyatt,834.760.951-93,08.247.915,614z9yym2iKdExcc8
Jeffrey Brock,275.984.316-55,26.901.748,2Wdl9vKIQl
Jenny Thomas,614.028.793-69,18.072.645,FNvbb9gbyAnUTaX
Matthew Vang,921.584.607-76,97.346.058,8gU4RhUwdMR
Robert Robertson,260.835.197-21,67.438.015,emEvpMW6b4bIhBaSYQ
Bobby Potter,108.265.394-24,28.376.419,PWITE1KiVRjWkAbOG2
Ryan Adams,820.395.617-30,74.165.809,kLYF2dHDIwfGIGXkv8u
Elizabeth Taylor,961.342.507-16,27.864.305,0KLfcrcQ8D5VZqYc
Katelyn Zuniga,408.976.351-75,86.957.124,6AUkSQiBOpB
Heather Benton,784.632.159-55,93.426.157,P980Xe6RI8ku
Phillip Thomas,832.710.469-13,51.423.068,qvjaXsai8Goyvs5Ait
Michael Roberts,479.520.631-70,19.752.864,Aejg756YmA7e2N
Stacy Watkins,938.602.754-29,14.653.892,s5vFQhM9z01cRBj
Peter Mcfarland,960.245.783-00,24.897.135,jeWjkUXR
Stacy Skinner,109.452.786-67,61.409.782,vGOd5CWoqYNy
Jason Morales,957.068.214-02,90.625.831,ptIRCk2piwWAU
Justin Patterson,324.678.591-00,96.247.518,nYYONzn1gO71n7M2q
Kyle Austin,165.048.372-44,81.046.792,zmYArIYsR
Bryan Powers,835.127.649-91,82.496.375,MSKfnp9SgnHFLrcnQ8
Jeremy Vasquez,584.231.769-91,24.759.018,b7V1Hk3Ckq
Mallory Gray,938.750.216-30,81.965.240,sbeosRoJe9NmBs
Ryan Cummings,785.902.614-76,18.934.760,4vjgSkwfeoTw2Ha9Ux
Kyle Black,126.894.350-98,78.519.624,CwojYv1KJxwAniLWk
Jaclyn Terry,479.203.865-00,82.147.639,M2jZvRVzc4hk
Jasmine Johnson,509.276.184-94,31.247.059,iWUEqh4bHX
Ethan Lewis,184.295.073-88,02.836.475,96G7ilxz67TY3LG
Sarah Johnson PhD,938.524.761-19,05.926.813,2YfbnqstKRNA523Jesa4
John Morrison,946.038.715-20,16.805.439,4JjqrXlh5H
Joyce Cabrera,826.930.574-00,96.704.823,Uh9JNpEIdTc3JGrO
Kristin Frederick,953.746.120-34,17.425.830,NNKPjeYveS9c7
Bryan Orr,165.940.237-99,16.598.024,6VlNDLELpVdLwa3FLRpy
Angela Espinoza,159.832.674-00,54.702.913,ImBhJtItdyfE7
Dalton Kim,935.671.082-12,31.867.904,wGTpy0a61IzVHearyNY
Jessica Booth,709.185.364-48,34.298.065,m4Fe2S73jG
Rodney Rios,976.420.835-56,64.712.308,iA4s0clb7Z3SHW
Sydney Watkins,532.148.790-14,62.734.198,pCfOMQIrsZ
Timothy Lopez,965.704.281-01,82.943.760,N2Dk5GdC9zqv7QXiZ
Bobby Chen,763.820.941-96,82.574.163,mWoP56H96WmwRCwljrP
Justin Ward,463.789.012-87,61.074.392,1uckDVH9Z455r
Janet Davis,350.194.287-79,50.832.461,3CVsbq8ZLylMHCG
Justin Fisher,584.123.679-28,57.649.381,fx6fnCgl
Karen Vega MD,329.578.041-23,53.810.674,jC6DSC98cdTQzOHr
Amber Andrews,629.081.537-77,52.973.841,pRrKT7Mde1
Sandra Miller,935.467.082-29,76.029.813,xdM1SkTWY1
Cathy Smith,201.758.369-30,90.567.314,bpDNLPZnwsv
Briana Chang,728.641.905-67,39.562.081,YSY4nzteUyU8Jzu
Kelly Curtis,598.740.632-38,30.615.482,6ykXmA7Tfm4xC3dK
Kimberly Cox,673.058.214-62,93.586.410,XBr9ZUvEnW2fwpQtw
Mr. Andrew Moreno MD,927.416.035-61,14.589.372,BcRA8VTcodwqhzn5H
Matthew Reilly,964.017.283-96,17.980.524,wd0fwoK9AKR7uAVnIOf
Spencer Fisher,862.947.051-85,29.510.846,h0UZ1wvQNmwd3CJoyM
Anthony Jackson,897.653.240-65,27.463.159,McKf3puH3KltNVhq
Amy Baker,894.562.130-05,32.196.740,MrLQXX7kRc3vWI9RpY1N
Gregory Perez,471.209.865-11,32.968.547,KSlvcr9kaLrlLnObu0
Haley Miller,940.286.375-38,45.731.602,zxyNOF8ZZIr
Brianna Floyd,415.609.827-30,81.029.735,IvQ9o6G3psyoFI1
Kelly Moreno,908.765.143-01,71.453.269,Kj99qVsZqEzfiCcS
Jeremiah Jones,042.817.639-96,47.813.509,14Mq8kCuVBzD09z
Christopher Jenkins,473.961.028-04,35.981.762,pqjnwvukDt80iOjn
Latasha Morton,480.351.629-42,52.798.034,yZf06cbn
Karen Villegas,634.819.502-33,06.819.472,p3M5H6rZCLiM
Daniel Richards,129.568.374-19,63.810.295,qNUd18AVI1bI4i
Teresa Brown,490.165.382-24,05.431.279,nCI6Ovi7mz7e0EAm4
Gabriel Rogers,516.309.278-21,94.315.806,Cd9haAoymRFTvuY
Rebecca Archer,413.075.692-34,53.274.890,ptxqrti8pPbNPufh6adQ
Justin Velazquez DVM,067.458.931-93,41.587.396,CRWWQCznp6Bh7lrzEEV
Edward Anderson,982.504.731-32,40.639.728,XYczwDheSzWH
Taylor Garcia,016.248.539-51,76.412.895,ydNhnE3iAeVkAvbb
Kevin Green,817.523.096-77,16.538.974,4YRxSu4H30yis
Loretta Melendez,296.814.053-15,65.401.329,XNPuizfZ5sa
Tonya Pineda,835.642.170-53,96.148.320,K021SvRUCrWHK
Brandi Guzman,683.527.401-80,87.561.490,f9HpTRZMIc
Amanda Wood,316.784.295-46,82.156.739,kaq5eXJsbhA81Jqzs8F
Marvin Garcia,709.421.685-85,30.149.528,A4y5FdunGr
Janet Garcia,184.625.790-58,45.827.031,N1w27LVX
Christopher Ortiz,175.380.496-57,75.401.296,ZRVFSy8BF5ZSYTBBrdU
Samantha Riley,691.873.042-87,57.169.320,0sfzB14KhSSEK
Taylor Davis,925.301.476-80,46.853.271,gCYKHm0Rx
Justin Sandoval,015.748.623-08,89.107.264,K2bfvoXv
Caleb Huffman,630.281.495-24,75.169.423,k1ZfwiA6NQPtGmpjy
Joan Mcknight,235.796.018-30,40.138.965,xbzsK1D2CJ
Alexander Gibson,210.348.597-14,15.384.906,jjlmB5F9Lov3Go
Ricardo Mason,370.298.561-12,76.159.820,3QV3261iSR1
Gina Reyes,851.407.936-01,41.532.089,p3HLUpOg1mgG7t9id
Jordan Acevedo,758.369.142-73,51.723.089,rb9GMEgsaqzxIhE
Douglas Mills,684.375.902-56,89.624.017,W2Qa750UhVW57GYs08
Julia Hughes,372.406.915-43,56.483.170,9gEvU1f1xX
Barbara Sanders,897.146.053-93,27.354.816,te1oUDlv9I5hADJ1TRBS
Zachary Mays,740.536.128-53,75.609.823,Nnky1kWpeR1AG
Henry Silva,165.893.420-24,53.418.602,V7dORYE6yovLzSABOl
Yolanda Miller,042.189.637-03,20.615.847,fsgxxI4qN
James Robertson,239.748.506-00,39.521.476,h32EAPgFv7w
Kathryn Cox,218.739.056-02,45.682.371,xnQqSBEqrKex0eEZWsJ8
Jesus Bryan,725.630.419-61,69.025.173,KYAcwOW27YI
Valerie Leblanc,867.902.143-13,37.215.648,9itd8TNPmLPGvUO9q83
Stephanie Nguyen,945.387.610-01,36.248.091,CHBkpuvp2OY
Jessica Bentley,274.986.053-92,49.367.150,gpEKqTLOz0O7sYnIye
Dr. Brian Chan,205.893.761-95,10.362.548,ksuFi90JWcpnji1m
Kelly Jackson,945.783.021-05,97.054.236,9bun1N7o
Yolanda Woods,189.536.047-10,81.653.047,haCrVcVoeua
Carl Conrad,465.371.920-99,79.648.201,KSzCQeQl
Laura Burnett,803.472.956-65,28.674.315,fjz6onQ31aJUu
Joseph Adams,483.795.206-29,93.657.481,CmT2llPgcac
Jacqueline Huang,135.047.269-70,86.093.421,22XuHjYFqvpSyDyUNwlM
Richard Combs,309.876.521-68,92.170.385,nU40DaWCpkd9e6P
Mr. David Rowland,136.759.820-68,10.345.967,srnbIYsgXMvxqL
Heather Aguilar,316.408.592-33,80.437.621,vKPXuoMaLhVBI4xbzL
Sally Crosby,836.905.721-77,32.514.786,CjHyWZ862bNU3Byj
David Lin,749.283.506-00,83.401.562,C5SJTbDgNO9rvJgRt
Clayton Booth,109.742.536-34,32.165.807,F6vw6CFZPb2
Kristin Gibson,370.149.268-96,63.274.901,JBt0C1onyWCN7dWDj2z
Paula Russell,405.267.831-17,48.703.561,inBgTSf0Zx5xk
Katrina Diaz,769.803.145-48,03.486.972,NhvSg8awJl
Mary Gutierrez,631.897.245-55,96.823.750,HMzc8BdHp
Carl Ross,174.059.863-66,74.826.905,WzI6o0anNjSzf8hpycsL
Jonathan Molina,509.241.837-05,47.198.532,D3XrBuTyMq
Jacqueline Galloway,037.942.561-07,28.036.175,8nz9vU2ojOz
Ellen Carter,340.926.871-50,35.940.286,0FOI4XaaI
Lori Hayes,269.347.508-29,96.853.207,Iy1Zz0ioJ89GmtQSi9lR
Yesenia Contreras,814.769.532-28,45.036.781,if9qBoApSA5Ft7caf
David Miller,850.941.732-60,54.018.732,gMrCj7pX3y
Kristy Lynch,623.504.871-80,53.096.412,JvDXclRIKWkh
Ashley Harris,218.763.095-12,67.594.082,nIVZDATG3Eno
Ryan Russo,204.856.371-62,26.905.783,OJ8x3HvVd77i7cM
Christopher Peterson,356.041.897-66,67.395.410,9CabWxkZw5Yn4
Adam Sanchez,902.618.753-02,75.468.231,WrTour0aP64ocfOdL
John Odonnell,579.216.830-02,39.841.270,bFrf3cJYPo
Alexander Young,826.317.405-80,20.354.768,JFmQPTs5f
Anthony Phillips,261.859.407-01,93.641.750,EzmRFW44IB7HbY
Emily Hernandez,685.309.412-33,18.429.306,vtVM2EPMlSpQYcLYLOh
Katie Griffin,854.130.276-80,49.803.716,P1vsxnCv0QB0JWDI
Linda Mills,690.431.875-93,67.948.501,qhAilMT4nqskwDj
Jessica Phillips,024.865.197-85,42.516.730,9StZELzJJ
Jeremy Stanton,250.397.618-21,97.043.562,DrVdOU4CTStz
Christopher Morton,493.182.507-97,60.145.823,RemFaH8o6lH1NBHc
Kristina Holland,153.724.086-26,27.386.450,TE0Xarfhj9epeeu9
Andrea Hill,651.073.492-34,97.123.086,QRYzXiXlLma2LlVx
Ashley Gill,198.052.346-06,94.875.630,mxTQK4gmFA
Melissa Watson,671.524.038-80,06.175.382,ySLCRKOyB7T38O
Robert Barber,325.680.197-86,36.184.709,TGqCk2EX0O
Rebecca Reed,512.803.769-02,82.347.196,M9853GhA2tRKxSl
Maureen Moore,469.571.082-01,48.623.057,fQXKWFJVX54AMgrwqz
Steven Rogers,594.203.716-70,45.621.390,u2vWBeO2SHG6cdD17
Hector Rodriguez,057.219.643-16,80.321.659,vMB1MVcg23
Nicole Bell,682.059.734-74,09.524.318,VhSdGocjxJMN
Jeffrey Bullock,927.608.134-87,57.861.024,isxqubVFqTHlqiFwwQVL
Matthew Faulkner,130.967.854-57,46.321.759,OvKgNTewyYlCOPiYHQ
Chad Wilson,376.890.451-20,40.853.912,GMbP8mI6nsaUfu9Rh
Sharon Wood,940.318.526-06,17.063.528,hTFBtXFtuR
Larry Ortiz,942.068.537-38,98.125.367,Ih26bcjLXpLN2Xe0
Glenn Richardson,732.165.409-52,03.259.468,RDp0rfWEXK
Stephen Wright,972.538.461-09,43.097.251,Qpl1LPV533gwJkRW
Ralph Garcia,819.475.306-66,75.163.840,xEkE1l9riuTLeBR7
Catherine Werner,598.037.246-65,36.579.184,oQ9hjpaT
Julie Murphy,763.248.051-07,73.094.821,6t8KZbKwMB2hX
Ryan Mcguire,712.863.450-90,91.675.438,Mf8AGI3afPYE6wO
Wayne Sheppard,026.541.839-98,53.612.489,moz4hrQBlX15w
Anne Munoz,736.281.594-82,19.745.268,jGvHm8WDh5Qc5HG
Karen Fleming,385.021.679-95,57.486.290,L0N29MS6doJGJ
Ryan Jackson,648.320.597-00,24.635.790,MQ77DfycbSikb
Steven Hunter,237.689.150-77,58.067.142,oxwMcZxZiB36oLJcI
Jillian Smith,279.084.536-00,76.981.023,0oQ1AnJYVj7wBoqB
Jonathan Armstrong,496.512.073-61,40.538.276,bNerS67i0Q2VG
Madeline Pollard,293.086.154-15,85.492.013,mMybcxSr
Jacob Chambers,862.349.750-38,56.210.784,lHiiHiUT71
Bobby Mitchell,783.546.290-74,68.412.359,0c7aM4h7
Jennifer Garrison,478.562.390-00,73.281.690,tXXIuMLH1
Michael Ferguson,461.908.723-87,87.394.506,gZPLy3ViyxY
Patricia White,940.736.528-00,87.104.963,uy15W0U6rImUPzGyH
Jeremy Collins,735.906.842-83,15.328.496,VEqnXrLqZsm6Jx0DNk
Maria Jones,642.319.587-00,01.536.247,D4TFheMwskA6fXX
Victoria Matthews,519.243.087-97,26.905.137,8fovGro60yhh
Matthew Parker,471.683.025-07,98.176.340,I40fafdKv
Sherri Jones,693.084.275-38,49.723.185,ZH6D0SpHwTpneBIXrf5
Joshua Robinson,694.217.385-19,90.263.817,jST15GxhzFS1iqgi
Robert Leon,687.305.914-57,86.150.749,xThWwAphyI8SIG
Susan Gordon,823.076.519-77,84.671.520,m4NdFcfMNh1Rzb1fM
Diana Green,325.617.890-12,45.816.720,AorTcWbhLAj0zm
Elizabeth Sellers,059.721.486-76,51.879.304,VOROn5p1NaUa6
Jacob Peterson,569.813.072-86,56.932.810,a5cQQLylDt5
Nathaniel Cannon,941.735.206-70,03.726.854,T6FT1m227fI8LWNL
Mark Proctor,069.475.213-43,25.649.713,IbijvKoOcI
Karen Macdonald,834.051.627-26,29.453.018,cJzXpWxZE
Jeffrey Brown,081.652.479-30,28.059.137,XOQLav4SOEnb
Donna Carroll,526.390.147-06,19.643.825,lcCzPinfNQx1mW
Melanie Rivas,671.352.984-46,38.591.607,POOQJKT9Uto
Wendy Johnson,958.413.076-57,85.629.140,hYfKl99rzCColKqBkb
Elizabeth Perkins,142.693.508-06,75.021.398,pcAOBW0uWw
Martin Matthews,905.126.734-70,83.250.497,FSn2EmIsG7L3gD
Robert Johnson,520.763.849-10,09.628.317,xuHdCqgyQcqet6MhjB
Victoria Robbins,579.413.682-00,35.472.801,oZ3zq3qs3Q
Allison Martinez,960.527.341-16,92.853.671,7W8vBvNd9lx
Christine Griffin,810.937.425-50,82.364.519,7ELwnGxDHYgeZUZdwD
Tracy Brown,720.134.695-43,90.724.851,AEZZsddbtTw2uu
Steven Gardner,859.716.340-20,51.397.604,CvBwg6C0
Sarah Carter,903.625.841-33,19.847.623,xInXyv4yBj29QFa
Lauren White,786.250.493-38,75.869.302,1GmSDDBb28
Jerry Jones,076.219.385-95,49.176.853,xJtChtGq
Shawn Stevens,041.529.873-32,10.382.475,nCVpTIn1r1n
Brittany Williams,130.824.956-05,49.853.061,Bq3HK8xeiheaDzPuGDr
Alex Wright,567.048.312-07,61.940.235,NSQnRqmg
Adriana Bates,219.348.705-79,03.587.641,SpiX1p2wvHNXCXP8QpO
Michele Brown,431.925.078-88,24.139.806,TktIeGKh
Amy Soto,819.352.740-23,05.314.269,HDhEDfpgcHEMca
Anthony Jones,651.439.807-39,05.734.291,5nmulz0TtcIZy8VhNAw
Vickie Foster,906.721.485-01,87.690.345,f2RcHo6exQS
Daniel Mullins,621.594.730-06,84.593.067,wr86yfVBP
Kelly Hamilton,472.190.658-76,67.082.415,9oYGjP7siPbU
Mrs. Pamela Myers DDS,276.495.813-73,47.031.592,ClTzEu4J8T
Breanna Reed,467.809.153-00,79.043.865,LuT0dA1aB5QGp0
Brianna Walsh,801.253.649-89,01.693.275,Eq3aa1rbE4MFxjn2zyr
Leslie Livingston,982.015.436-70,47.309.518,nCjcFzDgHQZOSA1lJWP
Joel Jenkins,349.578.260-56,21.384.659,i5THFrrqqdvtTh
Marissa Romero,703.519.684-66,96.452.783,lTfghUh4
David Murphy,926.017.845-20,75.823.401,uL5d4T87tg7Rdrs
Jessica Gonzalez,562.309.471-61,25.178.490,7yD0emgaz
John Barton,764.351.028-80,26.579.043,Anj4C0cP
Evan Chang,219.875.403-79,41.783.069,bVTRQd1tXtv
April Williams,207.681.945-20,79.560.318,BAdiUb4zvHnmpLkR
Sean Taylor,143.065.798-75,09.178.436,x4jH9IlvR
Ashley Stanley,304.217.896-03,74.926.130,gVjx9w1DjyIRUl
Jennifer Raymond,504.618.732-90,37.580.429,WvwYgnEH3g1f0IBJ
Kimberly Cox,658.039.127-86,87.301.456,OiU2GRPTt0JIw4uO1eb
Christopher Hudson,350.812.974-88,43.192.756,m06yM1jdr5wc5g
Michael Miller,791.042.365-99,72.394.180,laXq8kUov
Carol Watson,152.046.389-89,82.346.975,UjNpce1d
Sarah Butler,069.374.251-80,79.431.086,0eae7diJrb
Lauren Thomas,695.340.187-75,21.068.974,XXpJW61OY
Christopher Gordon,742.851.936-55,68.913.420,g6Uyyn0Nl7fB4
Scott Perez,371.829.546-64,56.048.972,9dXnOacFAQ
Brian Long MD,216.345.908-05,69.517.382,HAHP52hPfpdxu4e3U5
Susan Anderson,764.853.190-93,25.194.670,JRsdN22Grwk0uy8j5N
Carmen Smith,412.309.765-07,87.054.362,vkQ08wrqxkPyri
Raymond Thomas,675.093.148-01,65.013.928,j6GE0wqcV3vGrQIjM
Jeffery Burgess,708.956.213-12,43.062.157,fEnN5VGWlq8s2X
David Murphy,524.130.689-70,78.439.201,vxMeBpyhDimqaX
Nicole Williams,893.764.051-10,41.765.823,Gth0BoqxEOR
Crystal Johnson,510.378.924-88,61.754.829,2bUcBws6V2X9lw
Paul Faulkner,697.321.084-87,76.045.819,Ma9iOmAqI7I5uDzZBNz
Amanda Smith,912.038.465-33,54.382.601,YsrAJ63lqSGzj
Sara Gross,831.695.204-15,83.042.569,Z8gOELyNowEc4MafakXE
Jacob Johnson,912.305.678-95,87.140.936,GsvK0EsWDfBVByCys2Bm
Mr. Mark Elliott,920.836.745-29,03.724.915,NzB42TXYv4kp
Michael Carter,236.089.754-38,43.962.105,nxWpBqdbil3
Kelly Dickerson,054.836.291-24,07.621.495,ZttQGXsZLIen71n1N
Christine Hernandez,238.517.096-59,65.384.109,SbLIlr6F
Tyler Lopez,501.294.378-32,49.025.816,y04g1uDpL
Jordan Baldwin,738.462.095-38,23.180.496,7TZnHyYOrwGiLMkRHh
Debra Mcclain,059.683.172-21,57.869.324,aouMoPjp1jj0U
Daniel Rivas,180.596.723-12,21.748.365,lr7hnl60R
Yolanda King DVM,597.162.483-00,28.965.401,mUUgFVh6SNVB
Jermaine Walker,581.064.932-70,79.148.560,nggvC45VxO
Austin Green,753.894.026-00,59.347.026,gLw167lrET
Kyle Jenkins,176.054.928-20,40.658.192,KjGtuaVTXh4L20Vts
Patrick Evans,716.480.259-94,17.698.205,CfkUzU33PMvK2V
Laura Schneider,056.219.738-95,47.896.025,395UlGXs63U
Rodney Hebert,716.253.908-40,27.439.806,7ZWyZy1rN
Tiffany Reid,650.842.973-65,02.349.768,JUTsfO4RS7pVVdjU62Kn
Stacy Jones,468.702.153-08,91.523.406,QYoMe05EuWGh6oK7kq
Joseph Riggs,854.263.971-55,46.102.875,OjWTicBiBEiGUP
Andrew Diaz,510.236.479-07,75.649.831,X3eNGZlWUvtaAT
Christine Maddox,621.079.543-99,34.789.102,qkSYUibiwH9UVWCx
Amber Dixon,472.061.985-11,84.673.295,FmAx9dJsW0ufwIbRyUj
Chad Warren,984.175.632-37,17.462.538,2M3QZ3fETVWsCVlMiBe3
Christopher Rogers,396.804.752-47,42.798.635,XfCbBfGm
Rebecca Nguyen,948.305.761-20,01.743.895,fQfptOzGlG
Beth Conway,136.059.782-40,01.968.345,7KQIpTKZD2Ka
Harold Martin,137.048.295-79,03.496.581,sS7Ovs1xIAA
William Sparks,284.703.691-13,36.814.052,6bdVH3QYnsQT
Amber Tran,204.785.619-11,62.705.319,rlI9ZsYO0PnGag
Kevin Foley,298.435.716-73,68.205.197,FuVUsSV04h89h
William Wood,508.329.416-89,06.384.571,NWdpKB6I
Karen Blake,014.562.893-06,15.374.089,yFkgIkVhx
William Thomas,186.570.923-95,63.791.208,RQQbtIjVc3IBGLoEYDDv
Sandra Banks,734.910.568-10,64.397.801,RrvOAWEq
Blake Gonzalez,569.037.824-00,90.582.176,vgr9RjLrw
Steven Stanley,042.596.731-06,24.971.568,5OBKswU5EY
Jennifer Nelson,527.160.893-02,34.170.582,TmZmrcHooMYlwgoFRus9
Kimberly Taylor,810.765.342-44,25.106.397,MSzn2Rit
Jose Ramos,724.036.598-00,83.094.176,1eZq47swIepES5Ao8h
Rodney Nunez,956.041.287-67,50.971.368,UyWGyCWjDEh3L9jYX
Richard Craig,431.927.058-41,65.381.029,g4f8zjDUO
Christina Watson,640.327.918-13,75.240.891,IsPlgCrt
Cameron Caldwell,791.543.208-79,74.982.035,lkUmoBQvPjS
Teresa Vega,512.934.086-89,17.906.358,EHMP4RA2VT
Daniel Rodgers,794.065.128-58,73.496.058,zQDvs43yHNBnylum73Kj
Rachel Morris,781.903.456-48,48.196.053,yYVxvufNg7Dee
Ariel Kramer,103.648.792-03,80.253.147,9PrbSgPI
Derrick Wagner,768.305.194-20,84.926.307,ocb6YU8F4Tc
Robert Jones,352.187.946-19,98.527.431,d7aGdr2dVz3XA
Dr. Austin Rodriguez DDS,917.526.340-80,97.124.365,cEdhTb7stmbztP9
Dennis Suarez,069.415.732-52,74.381.520,X38JFblbS
Molly Bennett,254.769.380-10,18.495.376,quR2aSWWFlLM3JzQw
Michelle Gallegos,682.345.179-37,81.934.206,EU4S0V2tnAat5Bz
Laura Tran,759.183.046-57,76.239.154,rwX9ilBqW19uMOhsTVn
Scott Larsen,918.036.754-20,70.529.831,Zk3C4S4YmQ
Kara Warren,360.457.298-38,81.750.349,kWsDnaurI4JFpUrGl
Trevor Santana,653.940.871-48,17.908.536,VNtpejD0iKKHAUColw
Charles Jackson,405.271.869-02,50.963.748,cApsmNip
Michelle Shelton,759.403.826-65,40.729.681,iSArlmNSV52x5
Trevor Cochran,570.841.392-14,87.924.510,JrUwqzgGMm7HKO7gHJ
Melissa Taylor,762.349.108-31,65.713.942,9xjTn6P7TkmCLt
Rhonda Murphy,017.635.298-86,52.093.678,nz3COhJq185W03mC9
Stefanie Mccoy,458.670.321-08,18.205.743,nrKdbRpxwyO
Kayla Mckay,524.319.608-89,78.954.301,SLuyFc5o6SFx0U
John Burgess,231.759.046-61,30.869.217,8PuztmPlN
Marie Garcia,120.946.538-89,83.927.641,rKTxTtAf
Casey Bass,302.564.819-89,39.701.845,qcT6Xk6Yh3uhc
Jorge Hayes,051.927.864-01,40.871.952,4rTvUsyp
Marcus Marshall,286.719.504-76,85.169.730,r3pQBYKTlfwL4
Michael Ayers,821.306.597-21,75.016.382,rT5gNDYeGhZodOaGrN
Kristen Wilson,280.741.965-85,18.750.946,AKl6gYXDBwsIK9t
Jennifer Phillips,538.401.692-24,68.219.074,mawYrUMV
Heather Wright,683.214.790-22,74.291.856,mAHknpFrJbXs
Catherine Barajas,239.578.046-47,37.589.241,H3zSGBN0CVxjIEf
Jeremy Wells,260.587.134-71,52.308.419,SLORkyzs1jrMdTv5hJ
David Baldwin,847.162.095-20,75.498.630,Z1xdtEyoJT8r3FHMiG
Brian Schmidt,142.659.087-30,25.819.406,XWDKksP2
Tammy Conway,470.152.936-25,87.390.216,Bbn7tb8l7
Steven Perry,397.150.824-32,21.345.869,VWalUnVjFqM0wH8VG
Emily Bradshaw,569.318.742-09,69.140.387,JddVKBAjNSFP7bmykf3
Ms. Kathryn Williams,270.459.613-16,61.309.485,IpV4YHtRjPaXOW
Mary Edwards,796.103.452-80,74.653.891,tuLB3DTmAqByt4m9E6v
Jose Pham,892.754.031-04,96.382.107,rfVUPAGwA8bCflW8QE
Paul Frank,079.528.413-60,59.746.032,SsK9CYbbHumE94rlgu
Stephanie Hoffman,014.532.987-97,81.037.926,WaGU3M0La1bne
Jennifer Simmons,645.287.093-92,80.143.672,8dBQTqn9
Garrett Prince,435.716.902-06,07.123.654,evUMZPeoQSYpCEk
Carol Armstrong,213.869.074-13,76.139.825,YPAcCCyt7y
Jennifer Hicks,416.593.280-98,72.346.958,op835nIj8
Tina Douglas,026.138.579-86,57.016.384,k5Kg6cUIubZNT14Sa
Kayla Mccoy,159.074.263-06,24.390.816,TdwpIsRHHiuPp5C
Kevin Reid,317.509.846-01,34.812.795,XSHKpodbjkeh3
Ashlee Jordan,147.056.932-99,60.372.914,AodQNhMGJwtKgIst
Adam Perez,063.548.712-80,14.793.268,SSzXux3ORXLr9L
Brent Bennett,193.507.862-30,95.342.061,DlAA3hiLkID055N1eoE
Donna Klein,789.520.316-95,50.932.647,a6MQ4J5d6YoozvNzVYi
Karina Jones,819.624.037-69,42.896.037,F4R1sXx2jDL4oOvbMHd4
Randy Bentley,021.764.935-16,02.478.591,8gKBoGVjqJBO
Barbara Ortiz,346.518.092-51,29.864.705,E0sVkyTWoc37BPPO
Stephen Harris,396.870.214-03,50.842.136,bQ2jI2kleTqUqOu
Chelsea Banks,084.295.376-00,67.392.041,alABQYcV7oZzD
Ann Moreno,908.132.574-41,62.804.391,QsytItHaSp8s
Matthew Andrews,183.254.706-07,85.291.437,2zwHTk93f
James Holmes,739.682.514-82,36.859.412,I1y3UT62f
Randall Rojas,361.547.892-46,29.864.710,By6C5G96e
Robert Green,138.524.960-98,65.307.194,jJFwuyozmJPAarF
Christopher Gray,852.346.791-28,90.168.327,QuVOGoh7DILumJCxcE
Laura Summers,706.845.923-47,82.159.473,aUQfsSqT4uskIo5b1
Mary Moore,754.983.216-19,36.721.940,Hm3QbzAm
Miss Jaclyn Garcia DDS,798.502.146-94,50.637.482,6fcy9Im9NXImouhTVP
Terri Salinas,286.941.357-28,62.973.054,ZV9BJcbzHn
Oscar Robinson,260.354.719-43,76.905.423,sPjaHirw1Pna34MP
Amanda Turner,024.596.738-92,46.203.957,zOjeUPujEHA6pv1b
Robert Brown,914.672.053-70,12.975.804,I5qsTjykOdahD9n
Douglas Walker,342.867.015-90,87.094.531,FI68Ne3N
Alexander Freeman,437.951.260-61,90.176.328,PCJ9JMWfz3Mun
Anne Smith,970.265.841-11,45.312.807,buR4duKZ
Brittany Johnson,708.329.416-03,74.350.168,pk8hAicnN1xqs
Nancy Villanueva,603.219.547-34,49.651.238,ZO1PVYxXYz9e3yPvk
Jamie Herrera,908.735.421-50,71.890.542,oSdl0rPvOu2AI
John Randall,792.086.415-11,29.754.816,EIz9lYBmYba
Douglas Fields,720.369.451-80,78.261.045,uhxqZ8hhU86dR
Cynthia Miller,675.912.380-86,80.291.473,eHJA0Nkh
Erin Turner,694.820.351-51,56.894.302,vAAtXCv2ncmhUr0imgI
Justin Payne,724.536.091-06,06.324.897,k6dq10vwYsXRKNVxElcr
Christopher Larson,267.340.895-92,70.913.854,mFD30whXVASRLcgcBGL
Robert Russell,635.841.270-17,35.486.017,7w24vEOvN
Lisa Johnson,820.716.953-21,23.104.785,ksdLagSL
Arthur Castillo,572.860.914-76,10.849.527,OxYjK2VZU9xsdlJY16A
Zachary Hernandez,513.048.269-70,08.364.259,SC9mn2vCYsCY0VMv26
Kathryn Lopez,453.628.701-90,64.380.957,kAqHrKkOLs
Jeff Clark,436.915.802-89,39.578.246,SljwvRd7dc2yH2s7j8R
Carrie Berger,854.326.170-80,73.890.645,8EXeqU8ndwlsTUMCe
Clayton Watson,796.481.035-93,78.954.103,j9P88mY3mhW
Gina Stevenson,273.951.846-37,12.893.745,AXccsOo33Wsa8IWMPud
Evan Wright,468.351.972-00,62.749.130,4WjYe4KJFehx9L9Phd
Brittany Martin,189.706.342-31,20.874.395,zB5Rcmx2OPXlUvV4HgXF
Joseph White,785.394.126-91,31.842.609,fEIjQoLvnNAXTS
Christopher Yu,047.135.869-00,95.163.720,O6VPTR5or
Haley Morrow,158.376.429-19,94.327.685,v91trKtefeB4pGHT
Patricia Perry,508.614.729-85,06.423.519,3tSeogMLE
Amy Davenport,798.152.640-01,07.389.426,Paqn5JNYzSGzKI
Rachael Bautista,923.486.017-96,71.854.602,SUhQPv4HIktJcqK
Jim Rodriguez,603.915.284-24,49.817.536,JJnpQRi2n
Jared Rios,035.478.129-41,65.037.981,HINxDiXzQoTCCy13
Jacob Prince,123.470.598-23,10.645.829,uPfDKhWej3PuiG
Julia Ruiz,475.801.326-80,92.586.340,KK4f6DEBZG1TOl4dDn
Nicholas Bass,548.923.607-83,85.670.231,61p5kmc2TnT847tUthjE
Kathleen Montoya,307.682.149-04,68.720.913,l4xSKiWTJQ2pcw7BN
Aaron Barnes,814.970.536-84,64.598.172,bG1TfzSRDfI9A4JD
Jason Gibson,710.639.845-48,24.371.698,zYnu0qqgJPm
Nicholas Mccormick,086.423.157-17,25.406.739,SFOqb8m9zOzfC1xH3
Sarah Castro,173.840.295-97,45.982.603,ZxukNgDE
Eric Carter,287.194.036-31,26.108.459,vVzMcDDBsXp0an1g
Albert Holland,209.765.834-29,30.592.768,LPK2kSrBV0DOchgCku
Jimmy Smith,305.824.971-32,91.786.542,pexcNvFU4V
Gary Durham,796.401.358-01,64.987.231,PDUHTsWsZCRAH
Darin Cisneros,572.061.849-01,81.452.796,hHbABMOhxM
Lisa Powers,190.634.278-40,36.487.591,CNukNFkuHFbZRnKVrHGG
Ellen Ramirez,673.921.450-61,97.435.801,BvYA3HG3OXXpD
Logan Flores,761.529.043-07,20.734.915,wx5EHVPmtrwOg6
Calvin Pearson,457.810.693-48,05.792.834,LQQvqRhDUAjObHL
Michelle Smith,798.315.624-37,85.960.172,corwdYJvh3mE
Tracy Kelly,692.073.481-87,04.165.938,RSeIbZoFYgR3K1Il7
Amber Quinn,709.851.362-86,25.618.794,N1gJ2UAgoxkXbZo
Douglas Smith,370.892.456-83,13.524.086,UGIA4GgVYtad
Rita Salas,378.594.201-04,05.648.723,QJdHvC54s
Joseph Wright,864.572.391-37,49.376.851,9FEIImkjTt
Theresa Gutierrez,897.423.561-73,59.487.063,mX6Gn4qjU3g5sfGOuz
Joshua Perry,650.729.834-47,52.167.893,h6x0NaGRl2
Dr. Haley Henry,396.748.520-00,28.031.567,DVSCNqwSmWCT0vRbB7ll
Katherine Olsen,930.284.615-60,10.578.436,GfPva0IcIhYA
Lynn Reynolds,349.260.817-50,36.182.950,3mX62PxY
Anthony Moreno,196.287.305-68,24.930.617,RmTTT2Xpqww
Kaitlyn Wilson,093.421.586-33,34.108.729,uraks7AFkrWMqpM2xnkh
Lori Harris,720.651.849-49,27.948.053,yqEHNuSIb1hcQ
Jason Romero,679.021.438-04,12.976.508,A1GhE37bXY3hTwH48qA
Jodi Campos,948.532.061-24,54.738.012,I1SoJQYH
Amy Allen,578.629.413-73,26.395.140,TDdjgnIgzXpfF7RqNgh
Danny Wilkerson,418.206.375-90,59.726.018,dhEi0eML
Robert Myers,026.751.983-40,93.726.048,lghNKgMleXIWuus
Michael Gonzalez,691.750.384-39,03.961.425,55ign072mnUgWN
Elizabeth Hughes,621.490.873-40,75.236.109,Y7sCfAnivEV
David Rodgers,235.147.089-32,70.439.628,qvGYA0BYtBq8tvt
Christopher Tucker,351.860.927-03,38.790.125,lFIiWR0Xsuom0WEpI
Brian Hunt,726.409.538-00,30.945.718,bMjsSFiZt
Andrew Mullins,953.708.164-84,24.357.068,uvCl0yPMQQy0
Charles Williams,658.407.912-02,46.753.291,h6n0x0ArEr
William Rodriguez,246.107.983-87,29.630.415,X66mteBoW8WjTZxps
Claire Lee,405.293.687-65,05.143.862,6Peil0ocCIzHilZ
Megan Brooks,905.647.318-20,76.932.184,wDZbom808xa7qqkS
Barbara Beltran,823.740.169-78,82.436.509,mqs8Bw58
Laura Howe,458.297.160-11,87.052.964,hgYCWpAkU1olupU
Adam Kidd,501.328.976-95,49.762.518,JhucS5lN
Anthony Mullen,847.152.093-14,49.602.518,6jJ8ebl7ScsjHmUKz9
Richard Jennings,195.748.306-75,31.759.820,avtwePxWDs
Brenda Sweeney,081.923.564-42,15.832.076,o3AInCWnUyg9
Rhonda Patel,731.846.290-31,83.721.049,gFvb61nxOiEr0
Hannah Perry,251.349.760-07,13.264.579,s9HKcYH8s
Paul Delgado,986.725.140-76,61.827.493,DTXKLVY3cQPUXk5f
Amy Romero,987.204.631-03,72.596.831,zc7q7GHQbrBRn1i1m
Elaine Harris,905.861.423-98,19.082.634,ULgdHbL67YwY1ZRlIhw
Danielle Williams,312.960.784-69,34.012.789,TLxJU6E7I903Q4unu
Zachary Johnson,387.926.410-40,69.134.075,R9KTFSOgrKdps
Kevin Parks,173.685.924-28,20.967.548,nmrJINJMu4
Gina Spencer,820.675.349-47,49.261.358,JHjhLsbZGU
Andrew Brown,139.826.457-19,52.076.384,pt99ywWcyWOlHWxHe
Jesse Butler,059.476.138-75,82.137.064,Li9pM9UMF8qq32Y2G
Johnny Stevens,582.193.407-97,30.496.875,mRmGGlbmii5TVP10BW
Joe Lewis,693.218.504-06,83.915.670,bes82DPEQvYVeQ8csY
Diana Armstrong,163.087.245-80,73.018.542,tb2OfjPkZYWZTS
Michael Leach,824.759.631-82,09.417.856,rpDsS6IID
Robert Henry,569.402.738-83,43.150.296,wInvPCrh
Natalie Moreno,738.214.609-03,29.670.158,3nCBBIDSv
Donald Smith,497.258.163-82,14.350.862,1BzzQy9kmRB4
Amber Cunningham,843.172.095-60,75.109.462,OlgOGNqREIsBLMAwPd
Douglas Ford,701.936.245-16,26.184.957,q6dUCExG2
Crystal Davis,204.913.587-41,95.612.408,f4U8c2lvQr7EstQ
Amber Brown,586.120.734-80,31.527.908,ZrVCtjCGPmFJSpRNCFS1
Lisa Brown,312.754.809-50,53.928.417,sJhPTrf0Hx4Q31ZU0yJ
Angela Thompson,012.579.643-99,86.274.153,61wO5xsSXL6
David Hayes,730.428.916-31,17.925.306,D9CimAUcDYU
Kimberly Nielsen,840.175.923-41,63.705.248,OnS233pAp1K5MN3Jb
David Wilkerson,136.427.590-25,81.962.073,Zh9qcBuMpW9NHmKbCW
Zachary Payne,218.934.056-05,95.078.642,7XIvRnmADU
Olivia Rhodes,124.683.097-31,45.201.963,mdqZ2sfEhPPnyYzSsM
Samantha Elliott,548.921.730-88,37.025.689,6wKLoue6l3cBXP
Kathy Smith,392.187.460-22,56.098.743,ysD2QV4E
Miss Amy Fritz,356.740.921-25,89.254.316,evHIoPgpgy7IJ
Kelly Wilson,652.873.410-08,32.790.546,IdNehTlWw
Elizabeth Anderson,638.905.412-24,05.948.712,EBAPHQ1gftfawpgRB
Brittany Meyers,206.139.478-78,97.835.426,cHBH0VaOeqtWDks
Erika Walker,956.127.834-00,69.081.243,WSlibT9eUYLF
Laura Figueroa,798.426.150-49,60.491.723,ru5U6XZLVZgBVjnf
Scott Holden,390.718.625-77,25.391.067,dQbi05jZKAs
Tyler Steele,639.027.145-06,76.104.293,HI6i7Q07Mtdlm6
Yvonne Weaver,924.071.385-97,10.894.573,tPmTRJoiwefKbpgt
Melissa Nguyen,798.412.635-64,96.452.107,0VZ3RN9G
Michelle Nichols,843.195.627-55,63.471.508,YBKRWYR07F
Danny Lynch,540.813.269-24,89.765.032,ijWwMcWBeMq2M0lx6H
Joseph Anderson,351.768.924-64,43.162.709,Fpu47Jtl
Eileen Barnes,418.960.372-40,92.308.514,3wYyqYp3
Anthony Hunter,421.736.509-80,65.348.971,wAuFG7gN2zOOg
Eric Petersen,065.381.729-03,71.492.083,3tSx7OGM
Zachary Thornton,853.706.294-47,71.430.859,lQwJZ1M32DF9chD4
Todd Lopez,905.631.742-34,40.391.825,205VKHhB
Susan Jones,806.972.451-01,19.402.537,oDbbMMHwGEfStE91DbtZ
Anthony Barron,439.615.280-98,87.951.320,StW39AxHVx9qqr5qQSf
Tina White,630.725.194-80,82.564.310,FwscxC2m1i
Nicole Atkinson,790.614.325-61,67.542.301,uLg0ZqFbBOdHG9B8R
Mary Reyes,654.723.801-62,98.172.430,8QzJhKZ05xgU
Megan Stewart,167.029.584-20,10.836.429,GrpfKSLUqkKHv0S
Roy Durham,572.034.689-92,09.458.217,HU2dAF99SbcwRWiM
Timothy Phillips,053.948.276-56,98.634.257,11T0Ozj2XYQ2GK7hlt
Donna Cooper,719.652.348-28,93.468.217,75csFBCCrRq2nhb
Jaclyn Watson,063.758.941-66,14.370.952,0Q0jEUhLHQd1lAyenXP6
Rachel Sosa,807.641.923-96,58.734.926,ObiryAJmkHKMCchpd1
Daniel Collins,326.459.817-55,20.976.513,AqsuxvFqSpHKf
Terri Rodriguez,504.918.237-97,03.179.485,L7PtMJfsK1kY4qo4
Crystal Cuevas,645.172.930-25,43.680.712,Mv0BzFz1jR
James Cruz,168.420.953-60,80.257.694,htjiYTsook
Jessica Anderson,029.468.153-15,38.592.617,C7qGGCSbQS1c2mzQdalu
Haley Ramirez,192.586.304-24,97.850.641,6W97UFlmf
Alan Thomas,259.714.306-61,70.315.298,fhLSkgiCk41LcSZoegex
Ryan Mccoy,341.905.726-16,03.614.728,Xyyk0FRkiljDNLCoRmfu
Valerie Jones,784.315.260-17,87.462.953,ePp2pIWeFVM
Kristin Wilson,301.546.972-06,54.176.238,GR8KwkFrYprNIEI
Michelle Barnes,058.349.127-88,38.792.164,bQynDWAuUp
Joel Nguyen,216.984.507-02,39.540.176,a0lIxfE0n
Patrick Padilla,185.026.734-08,49.653.780,ES2YifbhkZPNBr
Daryl Black,109.263.457-61,34.817.290,8QmhTxVzzbKdAfhMHzg7
Christina Carter,530.846.219-42,82.740.651,gcUWHgpIq652mM
John Abbott,796.538.421-37,67.042.315,Hyw5oV6O
Jessica Ortiz,107.935.642-80,24.317.865,3JyAN6dVG8Ii2cKir
Carl Abbott,687.214.953-19,27.651.430,rZQ6iTEVE86BacOSrj
Richard Gonzalez,450.386.279-00,73.012.964,7aAYmVbOMh3qGJV4J
Ms. Charlotte White DDS,297.580.364-83,52.403.671,OTCneKfu96zAtfKqBU
Julie Rivas,046.518.297-67,09.832.517,6mxdBnMJ8TezNZEI9n
Angel Arellano,097.216.483-96,91.546.028,y4BdtPaHwKCC
Emily Cunningham,549.106.782-20,08.913.426,bg74Orm6JW2s
Leslie Abbott MD,078.543.612-07,51.974.283,ZQXr0Dgt
Robert Schultz,698.524.370-38,83.926.054,7AUy3fskPvbpRj6zwA
Sarah Martinez,389.724.651-19,32.610.547,m3Wgr1eEUul68hV1KAop
Emily Roach,520.637.914-06,92.013.654,OjmasV4225VjDGzz22
Kevin Maddox,246.085.719-58,79.624.350,nlmsQrD8
Jennifer Weiss,093.426.157-16,29.481.536,cdFGOchFdLk
Lori Stone,987.162.350-02,40.251.638,puXXnYNqdZvOJW
Charles Pena,914.503.287-41,68.372.901,9EBRHYlvKEN
Steven Reyes,081.497.365-57,78.439.106,46EGTiRRQ7d
Leslie Nelson,823.470.915-14,82.976.504,AXHY57xA
Joann Hodge,329.471.608-78,27.698.401,kRzSehum3mXIp
Jordan Baldwin,543.076.891-00,68.425.903,UWVojWUnh9mo
Janice Hunter,683.790.521-02,32.614.589,H7547Wj6DXuyZMo
Brittney Ross,547.602.938-92,74.193.852,6VgcBT2nH6Xuef292
Elizabeth Davis,362.817.549-64,67.039.281,YadRrpdeqgTFF9aiUbdZ
James Vargas,140.683.275-80,52.930.148,lHqHb2UsQjuQ
Paul Vaughan,645.381.027-17,27.839.054,OagmFFAgX
Daniel Long,678.543.192-19,23.590.871,HLlvvY7XjgEEi6eOZ
Betty Sandoval,389.251.604-98,93.026.548,0AHhoS8Ztbm
Kathryn Mclean,491.780.256-30,71.092.856,n3e1FFGnUAfdUFwP
Cody Saunders,270.483.169-69,52.704.836,AwY3r74Mtufca5rqk
Mark Casey,942.871.503-41,86.132.945,05DEFr2J
Justin Frye,895.603.427-38,48.673.521,s72Vz2XzDwR98
Jeffrey Arias,827.945.310-50,07.326.589,dyYJ7uTYZ
Stephanie Moore,389.516.074-10,32.980.651,9XahkLvd5lp
Amanda Miranda,381.672.409-40,03.671.295,hIKfZx5KHGJUlW
Michael Graves,569.072.831-40,14.296.073,5IL02DRM2CJMl2S
Mary Hawkins,425.897.310-60,79.645.120,XE6L5wuK
Mark Johnson,234.708.591-32,93.620.154,RBwb90X6yml2Q
Deborah Flynn,812.064.573-17,48.095.762,mvECgKodaRoyJMq4iA3m
Danielle Bass,715.890.342-79,30.869.715,Rm4kkab8EPMjrX7JVDRw
Pamela Parker DDS,702.169.534-99,81.059.734,LLJJCv7b2EtP
Erin Smith,371.592.804-23,47.235.109,WcDy1GAIWiFwJcM
Mr. James Alexander Jr.,394.870.165-20,34.621.578,uyv3YkaNeR
Jack Cummings,819.307.624-96,87.396.402,rwichp563lDChFUvCU
Christopher Macias,192.504.873-04,73.648.052,5iUm7CbOaSADm
Pamela Hernandez,562.398.470-38,79.134.085,h2eKMiFP4kVW
Kayla Johnson,406.128.593-98,10.264.578,u51ADUkQGDv
Leonard Williams,607.243.598-00,85.261.790,reJjPNwc4giyuJAs
Ashley Harris,692.430.157-61,34.927.081,9AQSYxycwGPa2l
David Maddox,396.175.208-77,67.253.140,LhbHn5GRLKO90Jy
Nancy Woods,897.014.625-30,45.329.867,CAUghMY0yAzaw
Kathryn Aguirre,465.701.983-00,26.179.854,TE4VBHqZQ6AhcU
Courtney Ellis,370.869.124-50,24.561.907,zTIeTmYLrbHAWJS
Jack Bond,649.510.782-01,10.697.845,lflhoYwMUBPab
Mr. John Johnson,450.612.783-80,93.821.407,haFaEOcwJC9Q
Cindy Greene,396.154.782-37,53.291.768,qj2wk7ZPj7ljVZVABPfL
Chad Carpenter,208.139.465-06,01.678.924,HlJtqmusCZ
Victor Collins,548.937.612-00,39.128.076,jJWBMPl86TcwExSwIj
Carrie Robinson,254.801.697-85,03.781.294,8lexu9aYXutQ8
Daniel Hawkins,069.872.431-31,92.074.613,J7vKP3zo2Ai
Sarah Valdez,208.735.194-50,95.470.826,INB3bGIyr
Miss Angela Perez,185.493.067-20,80.635.249,Ok1058ZNOgU3zDH6iJ0
Dustin Garcia,549.120.736-52,18.537.209,svDF39sdBtaK6z9ffkWw
Crystal Martin,749.620.851-58,96.321.507,Kt3X6g0IRyd
Ashley Scott,643.075.129-52,67.150.382,S8uzHuf9zJnZsa9QoOKQ
Cassandra Brooks,180.964.372-40,92.175.834,LV0sv1CGDr
Suzanne Pearson,017.263.489-03,76.319.805,3erdfVVnSqeIDY
Matthew Graham,361.529.074-70,06.743.598,VWkAuf5Wph4QX
Christina Williams,692.350.741-34,09.743.286,ah0VtAmyvm0b
Veronica Reid,763.205.891-59,78.960.412,VW6JQMcOqaLlCwrsPB
Amy Davis,280.675.341-44,89.460.127,lgrr3X1v36gNazjiRH
Jeffery Bailey,027.186.593-86,09.143.825,UwG6jJyTbxeP
Larry Norris,025.974.183-32,46.957.038,K4rVZjdBGlOpN
Brian Miller,963.802.415-15,30.946.175,cYHyccq4
Denise Mendez,370.619.845-20,58.210.437,GmzX2BIUSwrC0e
Kelly Baker,295.710.648-58,75.632.809,bSZRVnFRM7iwPnC36q
Helen Alvarez,580.137.924-04,48.659.270,l3WuNDlU
Thomas Keller,154.726.089-02,04.952.871,5batp5BNfMQn7d3tkGd
Randy Adams,162.058.379-86,27.859.314,9KYMtoLS5mCdZLda
Kristin Brown,286.710.934-50,05.418.692,X5fWqF1GIZFc
Michael Wong,917.064.385-75,80.716.325,Mmk2PANnu93Zy7az
Mr. Dustin May,475.016.238-80,85.462.197,8ABu01Gke
Carrie Brown,124.508.936-60,58.704.329,ynEWE5GwvPziPLPrWq
Jenny Dillon,750.391.864-01,09.638.472,EJhiDgacCx7i
Kendra Mcknight,435.892.167-19,96.432.750,yQOuKGd7MBVaFYhD
Angel Cox,236.184.795-73,60.523.817,VQK8uxo0C0piIx
Michael Wallace,562.397.108-30,19.873.420,cRC2FyNNke
Beth Brown,093.452.617-61,70.921.436,o6MNI04zB4kLrlpzgn
Sabrina Davis,326.719.058-40,50.721.946,NYowU0jazl7loeXmSRwS
Angela Kirk,923.081.475-04,45.198.672,cHAJiMFKMS0SPfyH
Joann Gray,617.208.359-77,94.786.120,TTBEzYZ6KUhcK6UkxA
Sheila Friedman,724.019.835-97,65.102.879,16k2fcVmzMJ1DZwIod
Carl Golden,893.150.764-00,04.782.613,aBnE29t3AqFcaluRoq
Mrs. Dana Fields,628.954.713-55,23.846.715,F5QBYV348LHMUYlKv
Todd Hernandez,156.784.902-49,84.025.163,U3UCJuPY0lOBO2it372
Alexander Thomas,230.954.867-74,23.814.906,TsLACW173EvwG95VBNS
Brandy Mccann,270.164.839-40,25.749.368,LmbtbuiBPOWR2ruqXZ
Jonathan Flores,046.172.935-07,89.421.603,jLUhgte0mpJnhsp
Kevin Heath,182.950.374-04,42.839.765,6DysPpZhfM1WJlJz9MON
Christopher Hudson,704.156.928-49,03.467.152,JdlvQSTz
Nicholas Francis,953.671.284-91,01.769.854,rqycaqjYYNEZ
Jessica Edwards,985.360.241-51,85.710.623,z0nl365JFazyXN
Lauren Ferguson,987.145.306-00,30.964.521,tDIpMZpoLcqk4JCX
Holly Harper,821.930.674-22,49.507.831,lds34lyxu
Valerie Clark,057.243.681-53,49.708.651,SHwZmENzqf3
Julie Bond,520.376.498-00,64.891.305,A0onHshu45aB69nFvvYT
Gregory Best,237.041.896-69,78.654.290,eaZt8wdFg6eQr2
Jonathan Weiss,092.384.715-41,82.439.170,qkJCHAx73pX
Lisa Velazquez,835.721.940-32,91.376.054,maVzenTvQ8yMjuxFWC
Brandon Jimenez,257.948.130-32,02.793.185,aAeN6w3JAUFEY7rI
Mary Chapman,725.806.913-59,10.674.285,R3KU0oH7VPiVpN
Diamond Edwards,457.932.680-65,36.951.428,XwNRfQvBSClyaW
Lauren Sims,492.651.380-33,24.175.836,6CmR9biKfP7NC4bmR
Andrew Singh,286.143.590-98,08.274.536,dohT2GQM
Melissa White,738.059.621-77,84.627.135,tdpFHAy4izBDjPq3HFDe
Casey Pope,892.710.364-50,45.930.271,0FTJrsaRx3
Elijah Watson,816.237.954-19,03.472.156,zxlkwdjpiVj8osAPzXE
Chris Hicks,712.035.849-97,03.928.645,VI5f43SE1WtWW
Laura Collier,504.739.216-34,80.925.643,BOmMTBYseJ4H4rVFdCYp
Gary Collins,841.765.320-17,31.897.420,XNOBGjqnPBGl54xk7
Andrew Chang,670.421.853-07,30.267.984,TGMxbUlnOGJ70CmIG8f2
Bruce Tran,851.092.367-12,09.572.146,m2x1v3riUGK35
Corey Rivera,281.547.609-67,81.243.975,xBUvnCaf9t
Aaron Williams,381.479.052-97,70.269.485,wKrvTNCR9AWNHaDd5
David Mccann,920.615.784-11,59.207.816,UpZZ29OXmANQcClkxw
Douglas Hernandez,709.215.364-61,92.486.057,ryVVFD49
David Hamilton,639.278.104-87,63.408.712,kYgXhK1DvwjOjKO
Michael Haney,362.501.498-05,25.936.041,55zMdLJBwbMn9fEe
Christina Byrd,321.769.408-22,62.398.514,nGHSOPQUJcEkG
Bruce Estrada,139.802.756-12,41.698.320,CWFcLlXCR
John Cruz,125.839.746-37,02.189.673,n0xvv4VNpnzhVcAIJp
Mr. Raymond Dixon,549.620.317-16,16.827.943,PWHJsIsLnE8wwDqzhFbS
Thomas Harrison,036.185.794-20,51.298.647,BV9zNnoinOIGeGT
Amanda Palmer,309.714.865-57,80.971.426,ponxbHZDecMnHkLb
Joseph Gilmore,620.513.897-21,85.703.162,TYcrc6dmZN
Desiree Skinner,284.579.130-50,25.097.841,49VjfoiQ
Shane Dunn,630.517.492-06,36.182.904,c584hSJC0z1nA49kYQ
Carlos Diaz,645.371.920-70,45.793.802,uy5HqB0f1uISWBK5G
Helen Rhodes,715.603.894-00,45.873.196,Edq4AXqyxhOvoo
Sarah Pierce,547.602.319-43,09.162.537,jsSML6zUZjV
Nicholas Davis,140.586.379-00,73.945.621,A4N0KNbnq4fS7D1I
Sergio Adams,397.810.645-01,83.065.294,kDeyZDxlJf1KYR
Carol Lopez,351.048.792-32,56.892.370,QjiBXhU1NT7cyhThq2EX
Robert Green,017.542.389-04,45.976.083,YXHzNmJ0b0
Michael Shaffer,819.254.706-01,18.746.035,Kv4b9g5n5YTW
Scott Garrett,287.691.035-77,18.346.275,YyLRDKbPXk
Christine Munoz,025.691.473-70,28.534.069,mrDB8upxN
Cory Knight,289.463.057-38,71.360.294,lVmUZW33m
Michael White,465.739.028-74,01.952.864,Yl72kin3LY
Peter Adams,347.019.685-01,68.723.054,9hAPPIsUKhXY77JC
Paige Thomas DDS,420.718.963-78,38.729.501,g5HuHBNaYjp9gx
Janet Buckley,096.584.132-42,17.943.820,0jlt0s1cisoPYNu
Claudia Jones,581.926.740-02,07.365.129,hNyeRHQj1OmWSR2Zs
Matthew Hodge,216.790.845-85,16.350.489,9jcrGRRG8C0mWi94
Stacey Wilson,749.325.186-09,49.368.210,ew3Ay1MlD
Emily Davis,612.549.378-46,39.180.574,dw1qjxGqHn3G7Y
Dr. Andre Palmer DDS,074.625.183-17,96.182.043,9oDtNGccnqbj85t
Ann Hicks,612.590.834-89,30.947.528,fUwAjmHK3Ed1ma
Charlene Davidson,604.951.738-00,69.372.015,h8x01zdc
Daniel Singleton,176.529.340-52,03.895.267,PUCAUWtP5eF4kLm2
Joshua Joseph,428.751.936-19,09.753.812,1VhtOczbTaYgP4MHD1rz
Olivia Arnold,479.028.651-76,93.587.162,NAXQBIzN
Nicholas Richardson,509.432.876-00,80.154.932,5nNSQg4M
Allen Mason,395.814.607-48,10.246.795,1e1irsjtWZc0l
Donna Montoya,684.713.205-17,28.357.946,KOh4Je43I8J8ykFu
Ana Phillips,284.569.130-06,53.681.204,uehiK5D7Bh1oP
Karen Long,056.748.321-53,75.901.438,d0r4lYFz
Travis White,843.917.652-09,69.753.480,lAi4iBsSLeIO4fSVPht
Tracy Banks,345.267.819-91,03.657.198,AhVg5PLKxY7sLHdw
John Williams,752.314.098-04,47.391.862,KWCNN365rboMuQMN9
Rebecca Wright,013.857.429-41,83.960.512,zrfCzl7ZR
Sergio Smith,825.076.413-71,58.024.963,jecWB8pIVyxepMtB
John Clark,613.524.907-06,05.482.631,eMqQMyAa
Janet Harmon,972.365.840-29,95.684.720,PwpEoob6MrF0por
Karen Ramos,164.832.057-08,47.259.368,3GhmNADW
Fred Potter,765.304.298-83,05.134.869,uJaGjIPg
Lisa Stevens,765.320.891-68,69.450.827,ZPiikdP8iW2E5HXpVjv
Zachary Gutierrez,425.718.603-80,12.536.074,s5dTwD3L7BtV
Katie Patterson,657.409.281-76,27.063.584,P6ygwU7YE
Jillian Holloway,470.358.621-53,03.564.219,ujyMrTTDewbHjT
Pamela Edwards,025.743.189-60,56.493.107,PUo0wdQXuvF80YLUX
Cheryl Schaefer,190.863.257-77,36.201.579,XrV1wiPOnFcjAlcFKs
Mark Peterson,826.451.730-71,08.571.934,yFFZeWeIYMVkJCph
Tony Allen,823.596.041-98,87.024.351,4PfVd0SEONg3DEGM
Veronica Hernandez,567.298.310-30,53.172.049,h0bz6bNQHued
Susan Kennedy,750.823.149-04,73.840.692,COM747PKGXd9fZJ
Catherine Bailey,498.236.510-51,56.930.728,ttNlr7IsltZ7
Darin Thornton,186.409.752-30,79.168.430,3DEafwYtN
Mary Hall,659.384.712-73,14.768.302,TawFuCV5WTxOi98
Stacy Santiago,750.419.236-80,29.836.754,tQbsgg8StNThq70OdZ
Randy Clark,945.037.621-25,45.602.918,e1dCgQ3GlQiOXHv9hd
Stephanie Ball,403.275.981-23,87.452.319,v5uPj0VZedw12kqj
Jordan Lynch,351.280.769-03,57.614.380,8AHi43a0rd
Eduardo Lee,310.648.529-98,51.302.894,ppkFF07bL9d5eH
Kristie Day,697.354.820-29,35.170.429,4zWwTE9E
Alicia Smith,356.029.481-98,10.572.389,fwLGtHaJCGjmHWYGc
James Singh,840.257.963-92,63.124.890,daSLnyCM9
Andrew Keith,029.134.578-60,48.159.372,HOZyHsTLpqRTjPZw
Fernando Guzman,753.641.980-57,14.932.658,BzsktevWVSGw
Nancy Smith,920.761.534-70,65.074.392,ghFjoLEwY
William Murphy,345.092.618-70,37.491.502,az1UMHRZhgSoDXTE
Jennifer Branch,760.534.281-08,45.196.732,gEW55h0IhBH7
Audrey Miller,137.046.295-61,37.195.846,vdY35FwCtMxLrPfQrQjs
Christina Woodward,905.324.671-16,05.318.267,rvfb3MQFR
Samantha Perry,984.163.270-50,69.540.281,CFuEk1B7W8K4huANL
Carrie Chan,508.213.647-07,01.892.463,cyxBNjlXwqZ
Christopher Jackson,960.543.182-33,09.152.463,d10fPrn1mJ4yAa
Christopher Perez,067.945.832-83,59.643.287,b1ReIxHcp8
Victoria Beasley,342.978.615-00,50.348.716,Zl7q6zH0
